Imagem,Similar,Dist√¢ncia
29.jpg,30.jpg,4
29.jpg,25.jpg,4
29.jpg,37.jpg,4
29.jpg,28.jpg,2
496.jpg,497.jpg,4
496.jpg,498.jpg,4
496.jpg,1.jpg,4
179.jpg,177.jpg,2
179.jpg,182.jpg,4
179.jpg,180.jpg,2
179.jpg,181.jpg,0
179.jpg,178.jpg,0
495.jpg,0.jpg,2
495.jpg,494.jpg,2
415.jpg,416.jpg,2
415.jpg,418.jpg,4
415.jpg,417.jpg,2
53.jpg,524.jpg,0
53.jpg,525.jpg,4
299.jpg,302.jpg,4
299.jpg,300.jpg,2
299.jpg,301.jpg,2
197.jpg,196.jpg,2
197.jpg,198.jpg,4
197.jpg,195.jpg,4
197.jpg,194.jpg,4
264.jpg,268.jpg,4
264.jpg,265.jpg,4
511.jpg,512.jpg,2
511.jpg,510.jpg,4
318.jpg,317.jpg,4
209.jpg,210.jpg,2
379.jpg,380.jpg,4
379.jpg,378.jpg,4
501.jpg,500.jpg,2
501.jpg,497.jpg,4
501.jpg,499.jpg,2
501.jpg,2.jpg,2
501.jpg,498.jpg,4
501.jpg,1.jpg,4
311.jpg,305.jpg,4
311.jpg,310.jpg,0
311.jpg,312.jpg,0
311.jpg,303.jpg,4
311.jpg,315.jpg,2
311.jpg,306.jpg,2
311.jpg,313.jpg,2
311.jpg,314.jpg,2
311.jpg,308.jpg,0
311.jpg,307.jpg,2
311.jpg,304.jpg,2
311.jpg,309.jpg,0
225.jpg,227.jpg,4
225.jpg,226.jpg,2
422.jpg,424.jpg,2
422.jpg,420.jpg,2
422.jpg,423.jpg,2
422.jpg,426.jpg,2
422.jpg,419.jpg,4
422.jpg,421.jpg,2
422.jpg,425.jpg,4
323.jpg,324.jpg,2
323.jpg,321.jpg,4
323.jpg,322.jpg,4
405.jpg,411.jpg,4
405.jpg,407.jpg,4
405.jpg,404.jpg,2
405.jpg,406.jpg,0
405.jpg,412.jpg,4
190.jpg,192.jpg,4
190.jpg,193.jpg,4
190.jpg,189.jpg,4
190.jpg,195.jpg,4
190.jpg,191.jpg,4
190.jpg,194.jpg,4
202.jpg,200.jpg,2
202.jpg,201.jpg,0
364.jpg,365.jpg,0
364.jpg,363.jpg,0
424.jpg,420.jpg,2
424.jpg,423.jpg,0
424.jpg,426.jpg,0
424.jpg,419.jpg,4
424.jpg,421.jpg,2
424.jpg,425.jpg,2
305.jpg,310.jpg,4
305.jpg,312.jpg,4
305.jpg,303.jpg,4
305.jpg,315.jpg,4
305.jpg,306.jpg,2
305.jpg,313.jpg,2
305.jpg,314.jpg,4
305.jpg,308.jpg,4
305.jpg,307.jpg,2
305.jpg,304.jpg,2
305.jpg,309.jpg,4
441.jpg,437.jpg,4
441.jpg,442.jpg,0
441.jpg,439.jpg,2
441.jpg,440.jpg,2
441.jpg,443.jpg,2
441.jpg,444.jpg,2
441.jpg,438.jpg,4
200.jpg,201.jpg,2
177.jpg,176.jpg,4
177.jpg,180.jpg,2
177.jpg,181.jpg,2
177.jpg,178.jpg,2
416.jpg,413.jpg,4
416.jpg,418.jpg,4
416.jpg,417.jpg,2
416.jpg,414.jpg,4
408.jpg,407.jpg,4
411.jpg,407.jpg,4
411.jpg,406.jpg,4
411.jpg,412.jpg,0
411.jpg,409.jpg,2
411.jpg,410.jpg,2
89.jpg,88.jpg,2
227.jpg,226.jpg,2
462.jpg,456.jpg,0
462.jpg,457.jpg,2
462.jpg,455.jpg,2
462.jpg,459.jpg,2
462.jpg,454.jpg,2
462.jpg,463.jpg,4
462.jpg,461.jpg,0
462.jpg,460.jpg,0
462.jpg,453.jpg,2
462.jpg,458.jpg,2
456.jpg,457.jpg,2
456.jpg,455.jpg,2
456.jpg,459.jpg,2
456.jpg,454.jpg,2
456.jpg,463.jpg,4
456.jpg,461.jpg,0
456.jpg,460.jpg,0
456.jpg,453.jpg,2
456.jpg,458.jpg,2
437.jpg,442.jpg,4
437.jpg,439.jpg,2
437.jpg,440.jpg,4
437.jpg,438.jpg,0
464.jpg,466.jpg,2
464.jpg,465.jpg,0
385.jpg,384.jpg,2
385.jpg,386.jpg,4
211.jpg,213.jpg,2
211.jpg,212.jpg,0
420.jpg,423.jpg,2
420.jpg,426.jpg,2
420.jpg,419.jpg,2
420.jpg,421.jpg,0
420.jpg,425.jpg,4
523.jpg,8.jpg,4
310.jpg,312.jpg,0
310.jpg,303.jpg,4
310.jpg,315.jpg,2
310.jpg,306.jpg,2
310.jpg,313.jpg,2
310.jpg,314.jpg,2
310.jpg,308.jpg,0
310.jpg,307.jpg,2
310.jpg,304.jpg,2
310.jpg,309.jpg,0
175.jpg,174.jpg,4
175.jpg,176.jpg,4
293.jpg,294.jpg,2
78.jpg,79.jpg,2
78.jpg,80.jpg,4
0.jpg,494.jpg,0
381.jpg,380.jpg,2
381.jpg,382.jpg,0
381.jpg,383.jpg,2
381.jpg,386.jpg,2
442.jpg,439.jpg,2
442.jpg,440.jpg,2
442.jpg,443.jpg,2
442.jpg,444.jpg,2
442.jpg,438.jpg,4
199.jpg,198.jpg,4
472.jpg,471.jpg,0
472.jpg,473.jpg,2
512.jpg,510.jpg,4
192.jpg,193.jpg,2
192.jpg,195.jpg,4
192.jpg,191.jpg,0
192.jpg,194.jpg,4
86.jpg,87.jpg,4
173.jpg,172.jpg,4
470.jpg,469.jpg,0
470.jpg,468.jpg,2
380.jpg,382.jpg,2
380.jpg,383.jpg,4
380.jpg,386.jpg,4
247.jpg,242.jpg,4
247.jpg,243.jpg,4
312.jpg,303.jpg,4
312.jpg,315.jpg,2
312.jpg,306.jpg,2
312.jpg,313.jpg,2
312.jpg,314.jpg,2
312.jpg,308.jpg,0
312.jpg,307.jpg,2
312.jpg,304.jpg,2
312.jpg,309.jpg,0
439.jpg,440.jpg,2
439.jpg,443.jpg,4
439.jpg,444.jpg,4
439.jpg,438.jpg,2
231.jpg,232.jpg,2
395.jpg,392.jpg,4
395.jpg,394.jpg,2
395.jpg,393.jpg,2
205.jpg,206.jpg,2
205.jpg,204.jpg,4
269.jpg,268.jpg,4
216.jpg,215.jpg,4
413.jpg,414.jpg,2
457.jpg,455.jpg,2
457.jpg,459.jpg,0
457.jpg,454.jpg,2
457.jpg,448.jpg,4
457.jpg,449.jpg,4
457.jpg,461.jpg,2
457.jpg,460.jpg,2
457.jpg,453.jpg,2
457.jpg,458.jpg,0
384.jpg,386.jpg,4
188.jpg,186.jpg,2
188.jpg,189.jpg,4
188.jpg,185.jpg,4
188.jpg,187.jpg,2
303.jpg,315.jpg,4
303.jpg,306.jpg,2
303.jpg,313.jpg,2
303.jpg,314.jpg,4
303.jpg,308.jpg,4
303.jpg,307.jpg,2
303.jpg,302.jpg,4
303.jpg,304.jpg,2
303.jpg,309.jpg,4
407.jpg,406.jpg,4
407.jpg,412.jpg,4
407.jpg,409.jpg,4
407.jpg,410.jpg,4
196.jpg,193.jpg,4
196.jpg,198.jpg,4
196.jpg,195.jpg,2
196.jpg,194.jpg,2
208.jpg,207.jpg,2
193.jpg,195.jpg,2
193.jpg,191.jpg,2
193.jpg,194.jpg,2
315.jpg,306.jpg,2
315.jpg,313.jpg,2
315.jpg,314.jpg,0
315.jpg,308.jpg,2
315.jpg,307.jpg,2
315.jpg,304.jpg,2
315.jpg,309.jpg,2
423.jpg,426.jpg,0
423.jpg,419.jpg,4
423.jpg,421.jpg,2
423.jpg,425.jpg,2
324.jpg,321.jpg,4
324.jpg,322.jpg,4
170.jpg,169.jpg,4
170.jpg,171.jpg,0
388.jpg,387.jpg,2
215.jpg,210.jpg,4
445.jpg,443.jpg,4
445.jpg,444.jpg,4
445.jpg,446.jpg,4
240.jpg,106.jpg,2
387.jpg,386.jpg,4
382.jpg,383.jpg,2
382.jpg,386.jpg,2
268.jpg,267.jpg,4
268.jpg,266.jpg,4
306.jpg,313.jpg,0
306.jpg,314.jpg,2
306.jpg,308.jpg,2
306.jpg,307.jpg,0
306.jpg,304.jpg,0
306.jpg,309.jpg,2
378.jpg,377.jpg,4
186.jpg,185.jpg,2
186.jpg,187.jpg,2
34.jpg,35.jpg,2
392.jpg,394.jpg,2
392.jpg,391.jpg,2
392.jpg,393.jpg,2
392.jpg,390.jpg,2
394.jpg,391.jpg,4
394.jpg,393.jpg,2
394.jpg,390.jpg,4
169.jpg,171.jpg,4
524.jpg,525.jpg,4
362.jpg,361.jpg,2
189.jpg,187.jpg,4
270.jpg,271.jpg,4
500.jpg,497.jpg,4
500.jpg,499.jpg,2
500.jpg,2.jpg,2
500.jpg,498.jpg,4
500.jpg,1.jpg,4
469.jpg,468.jpg,2
182.jpg,181.jpg,4
182.jpg,178.jpg,4
185.jpg,187.jpg,4
94.jpg,95.jpg,2
94.jpg,93.jpg,2
96.jpg,95.jpg,4
96.jpg,97.jpg,2
267.jpg,265.jpg,4
267.jpg,266.jpg,0
313.jpg,314.jpg,2
313.jpg,308.jpg,2
313.jpg,307.jpg,0
313.jpg,304.jpg,0
313.jpg,309.jpg,2
404.jpg,406.jpg,2
497.jpg,499.jpg,2
497.jpg,2.jpg,4
497.jpg,498.jpg,0
497.jpg,1.jpg,0
509.jpg,510.jpg,4
499.jpg,2.jpg,2
499.jpg,498.jpg,2
499.jpg,1.jpg,2
519.jpg,5.jpg,2
519.jpg,520.jpg,2
519.jpg,518.jpg,4
519.jpg,521.jpg,4
519.jpg,46.jpg,4
297.jpg,296.jpg,4
377.jpg,376.jpg,2
455.jpg,459.jpg,2
455.jpg,454.jpg,0
455.jpg,461.jpg,2
455.jpg,460.jpg,2
455.jpg,453.jpg,0
455.jpg,458.jpg,2
5.jpg,520.jpg,0
5.jpg,521.jpg,2
5.jpg,46.jpg,2
321.jpg,322.jpg,2
26.jpg,27.jpg,4
406.jpg,412.jpg,4
95.jpg,93.jpg,2
471.jpg,473.jpg,2
314.jpg,308.jpg,2
314.jpg,307.jpg,2
314.jpg,304.jpg,2
314.jpg,309.jpg,2
426.jpg,419.jpg,4
426.jpg,421.jpg,2
426.jpg,425.jpg,2
418.jpg,419.jpg,4
418.jpg,417.jpg,2
467.jpg,468.jpg,4
459.jpg,454.jpg,2
459.jpg,448.jpg,4
459.jpg,449.jpg,4
459.jpg,461.jpg,2
459.jpg,460.jpg,2
459.jpg,453.jpg,2
459.jpg,458.jpg,0
520.jpg,521.jpg,2
520.jpg,46.jpg,2
419.jpg,421.jpg,2
308.jpg,307.jpg,2
308.jpg,304.jpg,2
308.jpg,309.jpg,0
454.jpg,461.jpg,2
454.jpg,460.jpg,2
454.jpg,453.jpg,0
454.jpg,458.jpg,2
391.jpg,393.jpg,4
391.jpg,390.jpg,0
440.jpg,443.jpg,4
440.jpg,444.jpg,4
440.jpg,438.jpg,4
180.jpg,181.jpg,2
180.jpg,178.jpg,2
463.jpg,461.jpg,4
463.jpg,460.jpg,4
214.jpg,213.jpg,4
421.jpg,425.jpg,4
443.jpg,444.jpg,0
6.jpg,522.jpg,4
429.jpg,428.jpg,4
87.jpg,88.jpg,4
273.jpg,272.jpg,2
307.jpg,304.jpg,0
307.jpg,309.jpg,2
181.jpg,178.jpg,0
302.jpg,300.jpg,2
302.jpg,301.jpg,2
448.jpg,449.jpg,0
448.jpg,450.jpg,2
448.jpg,458.jpg,4
300.jpg,301.jpg,2
79.jpg,80.jpg,2
243.jpg,244.jpg,4
449.jpg,450.jpg,2
449.jpg,458.jpg,4
30.jpg,25.jpg,4
30.jpg,28.jpg,4
412.jpg,409.jpg,2
412.jpg,410.jpg,2
265.jpg,266.jpg,4
25.jpg,28.jpg,4
37.jpg,28.jpg,4
207.jpg,206.jpg,4
383.jpg,386.jpg,4
409.jpg,410.jpg,0
365.jpg,363.jpg,0
461.jpg,460.jpg,0
461.jpg,453.jpg,2
461.jpg,458.jpg,2
213.jpg,212.jpg,2
466.jpg,465.jpg,2
460.jpg,453.jpg,2
460.jpg,458.jpg,2
2.jpg,498.jpg,4
2.jpg,1.jpg,4
521.jpg,46.jpg,0
304.jpg,309.jpg,2
393.jpg,390.jpg,4
203.jpg,204.jpg,4
195.jpg,191.jpg,4
195.jpg,194.jpg,0
453.jpg,458.jpg,2
498.jpg,1.jpg,0
191.jpg,194.jpg,4
